{"gamma": 0.9, "gae_lambda": 0.9047178256922724, "ent_coef": 0.005015444999914335, "n_lstm_layers": 3, "lstm_hidden_size": 256}