{"learning_rate": 0.0001, "gamma": 0.95, "gae_lambda": 0.9047178256922724, "ent_coef": 0.005015444999914335, "n_lstm_layers": 1, "lstm_hidden_size": 32}